Date,Name,Year,Letterboxd URI
2026-01-29,The Proposal,2009,https://boxd.it/1HiS
2026-01-29,Evil Dead Rise,2023,https://boxd.it/qIvo
2026-01-29,The Hunt,2012,https://boxd.it/3wEC
2026-01-29,Sinners,2025,https://boxd.it/KQMM
2026-01-29,Dead Poets Society,1989,https://boxd.it/2aSg
2026-01-29,Spirited Away,2001,https://boxd.it/2b4m
2026-02-01,Eternal Sunshine of the Spotless Mind,2004,https://boxd.it/6YK
2026-02-01,Knives Out,2019,https://boxd.it/jWEA
2026-02-01,Superman,2025,https://boxd.it/E9IU
2026-02-01,Call Me by Your Name,2017,https://boxd.it/dYmm
2026-02-01,The Silence of the Lambs,1991,https://boxd.it/2aHW
2026-02-01,The Shining,1980,https://boxd.it/29Nu
2026-02-01,Weapons,2025,https://boxd.it/EMTM
2026-02-01,One Battle After Another,2025,https://boxd.it/DUHM
2026-02-01,Taxi Driver,1976,https://boxd.it/2b8y
2026-02-01,Howl's Moving Castle,2004,https://boxd.it/23De
2026-02-01,Pearl,2022,https://boxd.it/zPbe
2026-02-01,Marty Supreme,2025,https://boxd.it/Off0
2026-02-01,Cure,1997,https://boxd.it/1blA
2026-02-01,Harakiri,1962,https://boxd.it/1NTU
2026-02-01,Rain Man,1988,https://boxd.it/2avw
2026-02-01,Creep,2014,https://boxd.it/7l4c
2026-02-01,Look Back,2024,https://boxd.it/LjA6
2026-02-01,Predator,1987,https://boxd.it/2b84
2026-02-01,Chainsaw Man – The Movie: Reze Arc,2025,https://boxd.it/Kgyu
2026-02-01,The 40 Year Old Virgin,2005,https://boxd.it/21hK
2026-02-01,Collateral,2004,https://boxd.it/28F0
2026-02-01,Twin Peaks,1989,https://boxd.it/g8pk
2026-02-01,Bo Burnham: Inside,2021,https://boxd.it/v2uy
2026-02-01,Primal Fear,1996,https://boxd.it/28ws
2026-02-01,The Machinist,2004,https://boxd.it/248c
2026-02-01,Friends with Benefits,2011,https://boxd.it/DoK
2026-02-01,The Secret World of Arrietty,2010,https://boxd.it/AF4
2026-02-01,Suzume,2022,https://boxd.it/yv7Y
2026-02-01,Argo,2012,https://boxd.it/2czU
2026-02-01,Demon Slayer: Kimetsu no Yaiba Infinity Castle,2025,https://boxd.it/O1GQ
2026-02-01,Saturday Night,2024,https://boxd.it/Gpfo
2026-02-01,Gran Torino,2008,https://boxd.it/1Qzy
2026-02-01,Five Feet Apart,2019,https://boxd.it/jaAK
2026-02-01,Silence,2016,https://boxd.it/2cAo
2026-02-01,High and Low,1963,https://boxd.it/1RSc
2026-02-01,Constantine,2005,https://boxd.it/2a7E
2026-02-01,The Smashing Machine,2025,https://boxd.it/syUC
2026-02-01,American Hustle,2013,https://boxd.it/5dz8
2026-02-01,The Butterfly Effect,2004,https://boxd.it/27M0
2026-02-01,Creed III,2023,https://boxd.it/pf68
2026-02-01,Mirror,1975,https://boxd.it/28Q8
2026-02-01,Demolition,2015,https://boxd.it/9GuY
2026-02-01,Rush,2013,https://boxd.it/3lyS
2026-02-01,A Bronx Tale,1993,https://boxd.it/28uQ
2026-02-01,The Peanut Butter Falcon,2019,https://boxd.it/gzu2
2026-02-01,Creed II,2018,https://boxd.it/hgl8
2026-02-01,Paddington 2,2017,https://boxd.it/bCF8
2026-02-01,The Strangers,2008,https://boxd.it/1VGY
2026-02-01,Blood Diamond,2006,https://boxd.it/28Tm
2026-02-01,Ferrari,2023,https://boxd.it/cEtq
2026-02-01,Upgrade,2018,https://boxd.it/i4gW
2026-02-01,Mother,2009,https://boxd.it/1m9g
2026-02-01,First Blood,1982,https://boxd.it/28U0
2026-02-01,Horrible Bosses,2011,https://boxd.it/Ba2
2026-02-01,Rocky II,1979,https://boxd.it/28Ua
2026-02-01,Warrior,2011,https://boxd.it/i3G
2026-02-01,The Fighter,2010,https://boxd.it/PP4
2026-02-01,Babel,2006,https://boxd.it/292o
2026-02-01,Nobody Knows,2004,https://boxd.it/26E0
2026-02-01,Instant Family,2018,https://boxd.it/hHpQ
2026-02-01,The Pale Blue Eye,2022,https://boxd.it/u8tk
2026-02-01,Kill Bill: The Whole Bloody Affair,2006,https://boxd.it/eCrQ
2026-02-01,Public Enemies,2009,https://boxd.it/1U8m
2026-02-01,Argentina 1985,2022,https://boxd.it/qLxM
2026-02-01,25th Hour,2002,https://boxd.it/28LC
2026-02-01,Mud,2012,https://boxd.it/3wPA
2026-02-01,The Odyssey,2026,https://boxd.it/QFQU
2026-02-01,Broker,2022,https://boxd.it/rDUU
2026-02-01,Come and See,1985,https://boxd.it/1w9q
2026-02-01,Seven Samurai,1954,https://boxd.it/2axi
2026-02-01,City of God,2002,https://boxd.it/2a2a
2026-02-01,The Godfather Part II,1974,https://boxd.it/2aNq
2026-02-01,La Haine,1995,https://boxd.it/2as8
2026-02-01,Memories of Murder,2003,https://boxd.it/1TSo
2026-02-01,Bugonia,2025,https://boxd.it/qeWY
2026-02-01,Hamnet,2025,https://boxd.it/woVy
2026-02-05,Mysterious Skin,2004,https://boxd.it/1UsG
